{
  "cols": 104,
  "data_high": [
    -6.754337310791016,
    16.056554794311523,
    9.426299095153809,
    1.7541552782058716,
    2.475637197494507,
    6.905564308166504,
    6.415868282318115,
    0.6851660013198853,
    -0.2685447633266449,
    2.0411081314086914,
    -1.1211448907852173,
    7.967555046081543,
    -2.95257830619812,
    10.601363182067871,
    3.813164234161377,
    6.226197242736816,
    5.21708869934082,
    7.075857162475586,
    7.135857582092285,
    3.3221709728240967,
    5.057220458984375,
    5.24522590637207,
    2.74080753326416,
    3.428473472595215,
    4.846621036529541,
    3.078321933746338,
    -19.701051712036133,
    11.114581108093262,
    -0.6425884962081909,
    -2.722851276397705,
    -5.188526630401611,
    -5.470559597015381,
    -2.7098388671875,
    -7.309169769287109,
    -7.625202655792236,
    -1.4662387371063232,
    -5.15151834487915,
    1.6969380378723145,
    -6.547311782836914,
    9.561882972717285,
    24.237770080566406,
    18.9538631439209,
    12.965088844299316,
    15.644272804260254,
    15.826898574829102,
    9.564162254333496,
    6.846438407897949,
    8.029258728027344,
    7.489360332489014,
    5.403443336486816,
    14.548815727233887,
    3.623537063598633,
    -0.2918872535228729,
    -1.7842559814453125,
    -2.2166597843170166,
    -1.3624054193496704,
    -0.25730234384536743,
    -1.6899439096450806,
    1.2986321449279785,
    0.03545921668410301,
    0.7272399067878723,
    -0.15497960150241852,
    -1.2889595031738281,
    1.3733750581741333,
    -1.2310653924942017,
    10.065567970275879,
    3.4721500873565674,
    3.454444646835327,
    6.490916728973389,
    9.641495704650879,
    5.870687007904053,
    3.557549238204956,
    6.5200419425964355,
    7.043236255645752,
    3.663025379180908,
    5.321985244750977,
    3.8350744247436523,
    3.880566358566284,
    -15.210721969604492,
    -6.886868476867676,
    -5.208099842071533,
    -15.68794059753418,
    -10.660603523254395,
    -10.09860610961914,
    -3.837599277496338,
    -13.454038619995117,
    -7.863750457763672,
    -5.0880126953125,
    -9.138660430908203,
    -5.585995674133301,
    -7.290715217590332,
    17.591079711914063,
    3.826775550842285,
    5.951172828674316,
    5.525193214416504,
    19.79057502746582,
    7.053109645843506,
    8.086930274963379,
    6.878104209899902,
    15.654460906982422,
    6.087959289550781,
    5.796247482299805,
    7.925151348114014,
    3.2999136447906494
  ],
  "data_low": [
    -6.754337310791016,
    16.056554794311523,
    9.426299095153809,
    1.7541552782058716,
    2.475637197494507,
    6.905564308166504,
    6.415868282318115,
    0.6851660013198853,
    -0.2685447633266449,
    2.0411081314086914,
    -1.1211448907852173,
    7.967555046081543,
    -2.95257830619812,
    10.601363182067871,
    3.813164234161377,
    6.226197242736816,
    5.21708869934082,
    7.075857162475586,
    7.135857582092285,
    3.3221709728240967,
    5.057220458984375,
    5.24522590637207,
    2.74080753326416,
    3.428473472595215,
    4.846621036529541,
    3.078321933746338,
    -19.701051712036133,
    11.114581108093262,
    -0.6425884962081909,
    -2.722851276397705,
    -5.188526630401611,
    -5.470559597015381,
    -2.7098388671875,
    -7.309169769287109,
    -7.625202655792236,
    -1.4662387371063232,
    -5.15151834487915,
    1.6969380378723145,
    -6.547311782836914,
    9.561882972717285,
    24.237770080566406,
    18.9538631439209,
    12.965088844299316,
    15.644272804260254,
    15.826898574829102,
    9.564162254333496,
    6.846438407897949,
    8.029258728027344,
    7.489360332489014,
    5.403443336486816,
    14.548815727233887,
    3.623537063598633,
    -0.2918872535228729,
    -1.7842559814453125,
    -2.2166597843170166,
    -1.3624054193496704,
    -0.25730234384536743,
    -1.6899439096450806,
    1.2986321449279785,
    0.03545921668410301,
    0.7272399067878723,
    -0.15497960150241852,
    -1.2889595031738281,
    1.3733750581741333,
    -1.2310653924942017,
    10.065567970275879,
    3.4721500873565674,
    3.454444646835327,
    6.490916728973389,
    9.641495704650879,
    5.870687007904053,
    3.557549238204956,
    6.5200419425964355,
    7.043236255645752,
    3.663025379180908,
    5.321985244750977,
    3.8350744247436523,
    3.880566358566284,
    -15.210721969604492,
    -6.886868476867676,
    -5.208099842071533,
    -15.68794059753418,
    -10.660603523254395,
    -10.09860610961914,
    -3.837599277496338,
    -13.454038619995117,
    -7.863750457763672,
    -5.0880126953125,
    -9.138660430908203,
    -5.585995674133301,
    -7.290715217590332,
    17.591079711914063,
    3.826775550842285,
    5.951172828674316,
    5.525193214416504,
    19.79057502746582,
    7.053109645843506,
    8.086930274963379,
    6.878104209899902,
    15.654460906982422,
    6.087959289550781,
    5.796247482299805,
    7.925151348114014,
    3.2999136447906494
  ],
  "high": 75.0,
  "low": 25.0,
  "median": [
    -6.754337310791016,
    16.056554794311523,
    9.426299095153809,
    1.7541552782058716,
    2.475637197494507,
    6.905564308166504,
    6.415868282318115,
    0.6851660013198853,
    -0.2685447633266449,
    2.0411081314086914,
    -1.1211448907852173,
    7.967555046081543,
    -2.95257830619812,
    10.601363182067871,
    3.813164234161377,
    6.226197242736816,
    5.21708869934082,
    7.075857162475586,
    7.135857582092285,
    3.3221709728240967,
    5.057220458984375,
    5.24522590637207,
    2.74080753326416,
    3.428473472595215,
    4.846621036529541,
    3.078321933746338,
    -19.701051712036133,
    11.114581108093262,
    -0.6425884962081909,
    -2.722851276397705,
    -5.188526630401611,
    -5.470559597015381,
    -2.7098388671875,
    -7.309169769287109,
    -7.625202655792236,
    -1.4662387371063232,
    -5.15151834487915,
    1.6969380378723145,
    -6.547311782836914,
    9.561882972717285,
    24.237770080566406,
    18.9538631439209,
    12.965088844299316,
    15.644272804260254,
    15.826898574829102,
    9.564162254333496,
    6.846438407897949,
    8.029258728027344,
    7.489360332489014,
    5.403443336486816,
    14.548815727233887,
    3.623537063598633,
    -0.2918872535228729,
    -1.7842559814453125,
    -2.2166597843170166,
    -1.3624054193496704,
    -0.25730234384536743,
    -1.6899439096450806,
    1.2986321449279785,
    0.03545921668410301,
    0.7272399067878723,
    -0.15497960150241852,
    -1.2889595031738281,
    1.3733750581741333,
    -1.2310653924942017,
    10.065567970275879,
    3.4721500873565674,
    3.454444646835327,
    6.490916728973389,
    9.641495704650879,
    5.870687007904053,
    3.557549238204956,
    6.5200419425964355,
    7.043236255645752,
    3.663025379180908,
    5.321985244750977,
    3.8350744247436523,
    3.880566358566284,
    -15.210721969604492,
    -6.886868476867676,
    -5.208099842071533,
    -15.68794059753418,
    -10.660603523254395,
    -10.09860610961914,
    -3.837599277496338,
    -13.454038619995117,
    -7.863750457763672,
    -5.0880126953125,
    -9.138660430908203,
    -5.585995674133301,
    -7.290715217590332,
    17.591079711914063,
    3.826775550842285,
    5.951172828674316,
    5.525193214416504,
    19.79057502746582,
    7.053109645843506,
    8.086930274963379,
    6.878104209899902,
    15.654460906982422,
    6.087959289550781,
    5.796247482299805,
    7.925151348114014,
    3.2999136447906494
  ],