{
  "cols": 2,
  "data_high": [
    3161.112060546875,
    0.09752123802900314
  ],
  "data_low": [
    0.0,
    0.0
  ],
  "high": 75.0,
  "low": 25.0,
  "median": [
    1086.87158203125,
    0.0
  ],
  "range": [
    3161.112060546875,
    0.09752123802900314
  ]
}
