{
	"pattrstorage" : 	{
		"name" : "classified-looper",
		"slots" : 		{
			"1" : 			{
				"id" : 1,
				"data" : 				{
					"live.dial[1]" : [ 100.000000000000114 ],
					"live.gain~" : [ -3.143712574850298 ],
					"live.text" : [ 1.0 ],
					"live.text[1]" : [ 1.0 ],
					"number" : [ 53.5625 ],
					"umenu[1]" : [ 7 ],
					"umenu[2]" : [ 7 ],
					"u954003948" : [ 50.0 ],
					"_ramp-engine::events" : [ 16 ],
					"_ramp-engine::function" : [ 1.0, 0.0, 1.0, 0.0, 0.0, 0, 0.0, 0.085185185185185, 1.0, 0, 0.0, 0.172222222222222, 0.0, 0, 0.0, 0.416666666666667, 0.434782608695652, 0, 0.0, 0.542592592592593, 0.0, 0, 0.0, 0.544444444444444, 0.527950310559006, 0, 0.0, 0.642592592592593, 0.608695652173913, 0, -0.695, 0.661111111111111, 1.0, 0, 0.0, 0.694444444444444, 0.192546583850932, 0, 0.0, 0.768518518518518, 0.229813664596273, 0, 0.85, 0.894444444444444, 0.732919254658385, 0, 0.0, 1.0, 0.236024844720497, 0, 0.0, "curve" ],
					"_ramp-engine::live.tab" : [ 1.0 ],
					"_ramp-engine::live.toggle" : [ 1.0 ],
					"_ramp-engine::loop" : [ 1 ],
					"_ramp-engine::speed" : [ 100.000000000000114 ],
					"_ramp-engine[1]::events" : [ 16 ],
					"_ramp-engine[1]::function" : [ 1.0, 0.0, 1.0, 0.0, 0.0, 0, 0.0, 0.085185185185185, 1.0, 0, 0.0, 0.172222222222222, 0.0, 0, 0.0, 0.416666666666667, 0.434782608695652, 0, 0.0, 0.542592592592593, 0.0, 0, 0.0, 0.544444444444444, 0.527950310559006, 0, 0.0, 0.642592592592593, 0.608695652173913, 0, -0.695, 0.661111111111111, 1.0, 0, 0.0, 0.694444444444444, 0.192546583850932, 0, 0.0, 0.768518518518518, 0.229813664596273, 0, 0.85, 0.894444444444444, 0.732919254658385, 0, 0.0, 1.0, 0.236024844720497, 0, 0.0, "curve" ],
					"_ramp-engine[1]::live.tab" : [ 1.0 ],
					"_ramp-engine[1]::live.toggle" : [ 1.0 ],
					"_ramp-engine[1]::loop" : [ 1 ],
					"_ramp-engine[1]::speed" : [ 100.000000000000114 ],
					"_ramp-engine[2]::events" : [ 16 ],
					"_ramp-engine[2]::function" : [ 1.0, 0.0, 1.0, 0.0, 0.0, 0, 0.0, 0.085185185185185, 1.0, 0, 0.0, 0.172222222222222, 0.0, 0, 0.0, 0.416666666666667, 0.434782608695652, 0, 0.0, 0.542592592592593, 0.0, 0, 0.0, 0.544444444444444, 0.527950310559006, 0, 0.0, 0.642592592592593, 0.608695652173913, 0, -0.695, 0.661111111111111, 1.0, 0, 0.0, 0.694444444444444, 0.192546583850932, 0, 0.0, 0.768518518518518, 0.229813664596273, 0, 0.85, 0.894444444444444, 0.732919254658385, 0, 0.0, 1.0, 0.236024844720497, 0, 0.0, "curve" ],
					"_ramp-engine[2]::live.tab" : [ 1.0 ],
					"_ramp-engine[2]::live.toggle" : [ 1.0 ],
					"_ramp-engine[2]::loop" : [ 1 ],
					"_ramp-engine[2]::speed" : [ 100.000000000000114 ],
					"_filter-to-corpus-looper-1::comp-loudness" : [ 100.0 ],
					"_filter-to-corpus-looper-1::comp-spectral" : [ 100.0 ],
					"_filter-to-corpus-looper-1::corpus-menu" : [ 5 ],
					"_filter-to-corpus-looper-1::granular-rate" : [ 1500.0 ],
					"_filter-to-corpus-looper-1::granular-rate-relative" : [ 0.830645161290323 ],
					"_filter-to-corpus-looper-1::granular-variation" : [ 0.0 ],
					"_filter-to-corpus-looper-1::live.button[1]" : [ 0.0 ],
					"_filter-to-corpus-looper-1::live.button[2]" : [ 0.0 ],
					"_filter-to-corpus-looper-1::live.menu" : [ 4.0 ],
					"_filter-to-corpus-looper-1::player-attack" : [ 24.017678702676157 ],
					"_filter-to-corpus-looper-1::player-hold" : [ 94.958348781490116 ],
					"_filter-to-corpus-looper-1::player-voices" : [ 8.0 ],
					"_filter-to-corpus-looper-1::setup-range" : [ 10.603290676416819, 85.923217550274217 ],
					"_filter-to-corpus-looper-1::toggle-enabled" : [ 1.0 ],
					"_filter-to-corpus-looper-1::toggle-granular" : [ 0.0 ],
					"_filter-to-corpus-looper-1::toggle-granular-random" : [ 0.0 ],
					"_filter-to-corpus-looper-1::toggle-roundrobin" : [ 1.0 ],
					"_filter-to-corpus-looper-1::toggle-use-setup" : [ 1.0 ],
					"_filter-to-corpus-looper-1::toggle_timestretch" : [ 1.0 ],
					"_filter-to-corpus-looper-1::ts-pitch" : [ 0.0 ],
					"_filter-to-corpus-looper-1::ts-speed" : [ 50.0 ],
					"_filter-to-corpus-looper-1::duration-corpus-filter-slider::comparator" : [ 0.0 ],
					"_filter-to-corpus-looper-1::duration-corpus-filter-slider::live.button[2]" : [ 0.0 ],
					"_filter-to-corpus-looper-1::duration-corpus-filter-slider::slider" : [ 0.0 ],
					"_filter-to-corpus-looper-1::centroid-corpus-filter-slider::comparator" : [ 1.0 ],
					"_filter-to-corpus-looper-1::centroid-corpus-filter-slider::live.button[2]" : [ 0.0 ],
					"_filter-to-corpus-looper-1::centroid-corpus-filter-slider::slider" : [ 127.0 ],
					"_filter-to-corpus-looper-1::pitch-corpus-filter-slider::comparator" : [ 1.0 ],
					"_filter-to-corpus-looper-1::pitch-corpus-filter-slider::live.button[2]" : [ 0.0 ],
					"_filter-to-corpus-looper-1::pitch-corpus-filter-slider::slider" : [ 127.0 ],
					"_filter-to-corpus-looper-1::confidence-corpus-filter-slider::comparator" : [ 1.0 ],
					"_filter-to-corpus-looper-1::confidence-corpus-filter-slider::live.button[2]" : [ 0.0 ],
					"_filter-to-corpus-looper-1::confidence-corpus-filter-slider::slider" : [ 1.0 ],
					"_filter-to-corpus-looper-1::loudness-corpus-filter-slider::comparator" : [ 1.0 ],
					"_filter-to-corpus-looper-1::loudness-corpus-filter-slider::live.button[2]" : [ 0.0 ],
					"_filter-to-corpus-looper-1::loudness-corpus-filter-slider::slider" : [ 75.0 ],
					"_filter-to-corpus-looper-1::centroid-input-filter-slider::comparator" : [ 1.0 ],
					"_filter-to-corpus-looper-1::centroid-input-filter-slider::live.button[2]" : [ 0.0 ],
					"_filter-to-corpus-looper-1::centroid-input-filter-slider::slider" : [ 127.0 ],
					"_filter-to-corpus-looper-1::pitch-input-filter-slider::comparator" : [ 1.0 ],
					"_filter-to-corpus-looper-1::pitch-input-filter-slider::live.button[2]" : [ 0.0 ],
					"_filter-to-corpus-looper-1::pitch-input-filter-slider::slider" : [ 127.0 ],
					"_filter-to-corpus-looper-1::confidence-input-filter-slider::comparator" : [ 1.0 ],
					"_filter-to-corpus-looper-1::confidence-input-filter-slider::live.button[2]" : [ 0.0 ],
					"_filter-to-corpus-looper-1::confidence-input-filter-slider::slider" : [ 1.0 ],
					"_filter-to-corpus-looper-1::loudness-input-filter-slider::comparator" : [ 1.0 ],
					"_filter-to-corpus-looper-1::loudness-input-filter-slider::live.button[2]" : [ 0.0 ],
					"_filter-to-corpus-looper-1::loudness-input-filter-slider::slider" : [ 100.0 ]
				}

			}
,
			"2" : 			{
				"id" : 2,
				"data" : 				{
					"live.dial[1]" : [ 100.000000000000114 ],
					"live.gain~" : [ -17.179282535853062 ],
					"live.text" : [ 1.0 ],
					"live.text[1]" : [ 0.0 ],
					"number" : [ 100.0 ],
					"umenu[1]" : [ 3 ],
					"umenu[2]" : [ 9 ],
					"u954003948" : [ 10.0 ],
					"_ramp-engine::events" : [ 16 ],
					"_ramp-engine::function" : [ 1.0, 0.0, 1.0, 0.0, 0.0, 0, 0.0, 0.085185185185185, 1.0, 0, 0.0, 0.172222222222222, 0.0, 0, 0.0, 0.416666666666667, 0.434782608695652, 0, 0.0, 0.542592592592593, 0.0, 0, 0.0, 0.544444444444444, 0.527950310559006, 0, 0.0, 0.642592592592593, 0.608695652173913, 0, -0.695, 0.661111111111111, 1.0, 0, 0.0, 0.694444444444444, 0.192546583850932, 0, 0.0, 0.768518518518518, 0.229813664596273, 0, 0.85, 0.894444444444444, 0.732919254658385, 0, 0.0, 1.0, 0.236024844720497, 0, 0.0, "curve" ],
					"_ramp-engine::live.tab" : [ 1.0 ],
					"_ramp-engine::live.toggle" : [ 1.0 ],
					"_ramp-engine::loop" : [ 1 ],
					"_ramp-engine::speed" : [ 100.000000000000114 ],
					"_ramp-engine[1]::events" : [ 16 ],
					"_ramp-engine[1]::function" : [ 1.0, 0.0, 1.0, 0.0, 0.0, 0, 0.0, 0.085185185185185, 1.0, 0, 0.0, 0.172222222222222, 0.0, 0, 0.0, 0.416666666666667, 0.434782608695652, 0, 0.0, 0.542592592592593, 0.0, 0, 0.0, 0.544444444444444, 0.527950310559006, 0, 0.0, 0.642592592592593, 0.608695652173913, 0, -0.695, 0.661111111111111, 1.0, 0, 0.0, 0.694444444444444, 0.192546583850932, 0, 0.0, 0.768518518518518, 0.229813664596273, 0, 0.85, 0.894444444444444, 0.732919254658385, 0, 0.0, 1.0, 0.236024844720497, 0, 0.0, "curve" ],
					"_ramp-engine[1]::live.tab" : [ 1.0 ],